id,title,authors,year,venue,citation_count,doi,source_url,oa_url,pdf_path
268d347e8a55b5eb82fb5e7d2f800e33c75ab18a,An Image is Worth 16x16 Words: Transformers for Image Recognition at Scale,Alexey Dosovitskiy | Lucas Beyer | Alexander Kolesnikov | Dirk Weissenborn | Xiaohua Zhai | Thomas Unterthiner | Mostafa Dehghani | M. Minderer | G. Heigold | S. Gelly | Jakob Uszkoreit | N. Houlsby,2020,International Conference on Learning Representations,61870,,,https://arxiv.org/pdf/2010.11929,data\pdfs\268d347e8a55b5eb82fb5e7d2f800e33c75ab18a.pdf
c8b25fab5608c3e033d34b4483ec47e68ba109b7,Swin Transformer: Hierarchical Vision Transformer using Shifted Windows,Ze Liu | Yutong Lin | Yue Cao | Han Hu | Yixuan Wei | Zheng Zhang | Stephen Lin | B. Guo,2021,IEEE International Conference on Computer Vision,31739,10.1109/ICCV48922.2021.00986,https://doi.org/10.1109/ICCV48922.2021.00986,http://arxiv.org/pdf/2103.14030,data\pdfs\c8b25fab5608c3e033d34b4483ec47e68ba109b7.pdf
ad7ddcc14984caae308c397f1a589aae75d4ab71,Training data-efficient image transformers & distillation through attention,Hugo Touvron | M. Cord | Matthijs Douze | Francisco Massa | Alexandre Sablayrolles | Herv'e J'egou,2020,International Conference on Machine Learning,8991,,,https://arxiv.org/pdf/2012.12877,data\pdfs\ad7ddcc14984caae308c397f1a589aae75d4ab71.pdf
ad4a0938c48e61b7827869e4ac3baffd0aefab35,Emerging Properties in Self-Supervised Vision Transformers,Mathilde Caron | Hugo Touvron | Ishan Misra | Herv'e J'egou | J. Mairal | Piotr Bojanowski | Armand Joulin,2021,IEEE International Conference on Computer Vision,8933,10.1109/ICCV48922.2021.00951,https://doi.org/10.1109/ICCV48922.2021.00951,http://arxiv.org/pdf/2104.14294,data\pdfs\ad4a0938c48e61b7827869e4ac3baffd0aefab35.pdf
177e957f5cd93229c9794ea652c646d2557b4a69,A ConvNet for the 2020s,Zhuang Liu | Hanzi Mao | Chaozheng Wu | Christoph Feichtenhofer | Trevor Darrell | Saining Xie,2022,Computer Vision and Pattern Recognition,8018,10.1109/CVPR52688.2022.01167,https://doi.org/10.1109/CVPR52688.2022.01167,https://arxiv.org/pdf/2201.03545,data\pdfs\177e957f5cd93229c9794ea652c646d2557b4a69.pdf
3f5b31c4f7350dc88002c121aecbdc82f86eb5bb,BLIP-2: Bootstrapping Language-Image Pre-training with Frozen Image Encoders and Large Language Models,Junnan Li | Dongxu Li | S. Savarese | Steven C. H. Hoi,2023,International Conference on Machine Learning,7895,10.48550/arXiv.2301.12597,https://doi.org/10.48550/arXiv.2301.12597,http://arxiv.org/pdf/2301.12597,data\pdfs\3f5b31c4f7350dc88002c121aecbdc82f86eb5bb.pdf
8fb1c04dab87ca6c116495e4d03c46c9547e4ec3,Pyramid Vision Transformer: A Versatile Backbone for Dense Prediction without Convolutions,Wenhai Wang | Enze Xie | Xiang Li | Deng-Ping Fan | Kaitao Song | Ding Liang | Tong Lu | P. Luo | Ling Shao,2021,IEEE International Conference on Computer Vision,4915,10.1109/ICCV48922.2021.00061,https://doi.org/10.1109/ICCV48922.2021.00061,https://arxiv.org/pdf/2102.12122,data\pdfs\8fb1c04dab87ca6c116495e4d03c46c9547e4ec3.pdf
7a9a708ca61c14886aa0dcd6d13dac7879713f5f,SwinIR: Image Restoration Using Swin Transformer,Jingyun Liang | Jie Cao | Guolei Sun | K. Zhang | L. Gool | R. Timofte,2021,2021 IEEE/CVF International Conference on Computer Vision Workshops (ICCVW),4547,10.1109/ICCVW54120.2021.00210,https://doi.org/10.1109/ICCVW54120.2021.00210,https://arxiv.org/pdf/2108.10257,data\pdfs\7a9a708ca61c14886aa0dcd6d13dac7879713f5f.pdf
f61cc9b5583c6295d5cd756ec0f34e4c003aab29,Qwen2.5-VL Technical Report,Shuai Bai | Keqin Chen | Xuejing Liu | Jialin Wang | Wenbin Ge | Sibo Song | K. Dang | Peng Wang | Shijie Wang | Jun Tang | Humen Zhong | Yuanzhi Zhu | Mingkun Yang | Zhaohai Li | Jianqiang Wan | Pengfei Wang | Wei Ding | Zheren Fu | Yiheng Xu | Jiabo Ye | Xi Zhang | Tianbao Xie | Zesen Cheng | Hang Zhang | Zhibo Yang | Haiyang Xu | Junyang Lin,2025,arXiv.org,4455,10.48550/arXiv.2502.13923,https://doi.org/10.48550/arXiv.2502.13923,https://arxiv.org/pdf/2502.13923,data\pdfs\f61cc9b5583c6295d5cd756ec0f34e4c003aab29.pdf
65a9c7b0800c86a196bc14e7621ff895cc6ab287,ViLBERT: Pretraining Task-Agnostic Visiolinguistic Representations for Vision-and-Language Tasks,Jiasen Lu | Dhruv Batra | Devi Parikh | Stefan Lee,2019,Neural Information Processing Systems,4441,,,https://arxiv.org/pdf/1908.02265,data\pdfs\65a9c7b0800c86a196bc14e7621ff895cc6ab287.pdf
c3e5a20b844c042d2174263d2fd5b30d8cc8f0b0,Grounding DINO: Marrying DINO with Grounded Pre-Training for Open-Set Object Detection,Shilong Liu | Zhaoyang Zeng | Tianhe Ren | Feng Li | Hao Zhang | Jie Yang | Chun-yue Li | Jianwei Yang | Hang Su | Jun-Juan Zhu | Lei Zhang,2023,European Conference on Computer Vision,4011,10.48550/arXiv.2303.05499,https://doi.org/10.48550/arXiv.2303.05499,http://arxiv.org/pdf/2303.05499,data\pdfs\c3e5a20b844c042d2174263d2fd5b30d8cc8f0b0.pdf
1e88d5afe19aea324d33541f60a90b7036894c32,Restormer: Efficient Transformer for High-Resolution Image Restoration,Syed Waqas Zamir | Aditya Arora | Salman Hameed Khan | Munawar Hayat | F. Khan | Ming-Hsuan Yang,2021,Computer Vision and Pattern Recognition,3799,10.1109/CVPR52688.2022.00564,https://doi.org/10.1109/CVPR52688.2022.00564,https://arxiv.org/pdf/2111.09881,data\pdfs\1e88d5afe19aea324d33541f60a90b7036894c32.pdf
722ad6ac92286507437b31486f47987d6ece05c9,BEiT: BERT Pre-Training of Image Transformers,Hangbo Bao | Li Dong | Furu Wei,2021,International Conference on Learning Representations,3635,,,https://arxiv.org/pdf/2106.08254,data\pdfs\722ad6ac92286507437b31486f47987d6ece05c9.pdf
67571d29190faea9fbd104acd16274f8c4edf254,MLP-Mixer: An all-MLP Architecture for Vision,I. Tolstikhin | N. Houlsby | Alexander Kolesnikov | Lucas Beyer | Xiaohua Zhai | Thomas Unterthiner | Jessica Yung | Daniel Keysers | Jakob Uszkoreit | M. Lučić | Alexey Dosovitskiy,2021,Neural Information Processing Systems,3542,,,https://arxiv.org/pdf/2105.01601,data\pdfs\67571d29190faea9fbd104acd16274f8c4edf254.pdf
d40c77c010c8dbef6142903a02f2a73a85012d5d,A Survey on Vision Transformer,Kai Han | Yunhe Wang | Hanting Chen | Xinghao Chen | Jianyuan Guo | Zhenhua Liu | Yehui Tang | An Xiao | Chunjing Xu | Yixing Xu | Zhaohui Yang | Yiman Zhang | D. Tao,2020,IEEE Transactions on Pattern Analysis and Machine Intelligence,3488,10.1109/TPAMI.2022.3152247,https://doi.org/10.1109/TPAMI.2022.3152247,https://arxiv.org/pdf/2012.12556,data\pdfs\d40c77c010c8dbef6142903a02f2a73a85012d5d.pdf
3a906b77fa218adc171fecb28bb81c24c14dcc7b,Transformers in Vision: A Survey,Salman Hameed Khan | Muzammal Naseer | Munawar Hayat | Syed Waqas Zamir | F. Khan | M. Shah,2021,ACM Computing Surveys,3475,10.1145/3505244,https://doi.org/10.1145/3505244,https://arxiv.org/pdf/2101.01169,data\pdfs\3a906b77fa218adc171fecb28bb81c24c14dcc7b.pdf
8bd6a2a89503be083176f2cc26fabedb79238cbd,InstructBLIP: Towards General-purpose Vision-Language Models with Instruction Tuning,Wenliang Dai | Junnan Li | Dongxu Li | A. Tiong | Junqi Zhao | Weisheng Wang | Boyang Albert Li | Pascale Fung | Steven C. H. Hoi,2023,Neural Information Processing Systems,3358,10.48550/arXiv.2305.06500,https://doi.org/10.48550/arXiv.2305.06500,http://arxiv.org/pdf/2305.06500,data\pdfs\8bd6a2a89503be083176f2cc26fabedb79238cbd.pdf
b6382a7351c0c595f91472ac71d3b2d87b3c4844,ViViT: A Video Vision Transformer,Anurag Arnab | Mostafa Dehghani | G. Heigold | Chen Sun | M. Lučić | C. Schmid,2021,IEEE International Conference on Computer Vision,2947,10.1109/ICCV48922.2021.00676,https://doi.org/10.1109/ICCV48922.2021.00676,https://arxiv.org/pdf/2103.15691,data\pdfs\b6382a7351c0c595f91472ac71d3b2d87b3c4844.pdf
79c93274429d6355959f1e4374c2147bb81ea649,LXMERT: Learning Cross-Modality Encoder Representations from Transformers,Hao Hao Tan | Mohit Bansal,2019,Conference on Empirical Methods in Natural Language Processing,2890,10.18653/v1/D19-1514,https://doi.org/10.18653/v1/D19-1514,https://www.aclweb.org/anthology/D19-1514.pdf,data\pdfs\79c93274429d6355959f1e4374c2147bb81ea649.pdf
e1d082562981a9f51649c60663aa484ee623dbb0,Point Transformer,Nico Engel | Vasileios Belagiannis | K. Dietmayer,2020,IEEE Access,2867,10.1109/ACCESS.2021.3116304,https://doi.org/10.1109/ACCESS.2021.3116304,https://arxiv.org/pdf/2012.09164,data\pdfs\e1d082562981a9f51649c60663aa484ee623dbb0.pdf
b82c5f9efdb2ae56baa084ca41aeddd8a665c1d1,Align before Fuse: Vision and Language Representation Learning with Momentum Distillation,Junnan Li | Ramprasaath R. Selvaraju | Akhilesh Deepak Gotmare | Shafiq R. Joty | Caiming Xiong | S. Hoi,2021,Neural Information Processing Systems,2714,,,https://arxiv.org/pdf/2107.07651,data\pdfs\b82c5f9efdb2ae56baa084ca41aeddd8a665c1d1.pdf
be0fbb810583930c071d0b9b2c5187fe260783f5,Swin Transformer V2: Scaling Up Capacity and Resolution,Ze Liu | Han Hu | Yutong Lin | Zhuliang Yao | Zhenda Xie | Yixuan Wei | Jia Ning | Yue Cao | Zheng Zhang | Li Dong | Furu Wei | B. Guo,2021,Computer Vision and Pattern Recognition,2708,10.1109/CVPR52688.2022.01170,https://doi.org/10.1109/CVPR52688.2022.01170,https://arxiv.org/pdf/2111.09883,data\pdfs\be0fbb810583930c071d0b9b2c5187fe260783f5.pdf
8e33914d6051dd031a5e096962b9398fc1d16067,Vision Transformers for Dense Prediction,René Ranftl | Alexey Bochkovskiy | V. Koltun,2021,IEEE International Conference on Computer Vision,2649,10.1109/ICCV48922.2021.01196,https://doi.org/10.1109/ICCV48922.2021.01196,https://arxiv.org/pdf/2103.13413,data\pdfs\8e33914d6051dd031a5e096962b9398fc1d16067.pdf
adb272fbdea3631059cf88ab764bb6c2ce29f965,Visual Prompt Tuning,Menglin Jia | Luming Tang | Bor-Chun Chen | C. Cardie | Serge J. Belongie | Bharath Hariharan | S. Lim,2022,European Conference on Computer Vision,2528,10.48550/arXiv.2203.12119,https://doi.org/10.48550/arXiv.2203.12119,http://arxiv.org/pdf/2203.12119,data\pdfs\adb272fbdea3631059cf88ab764bb6c2ce29f965.pdf
dbe077f8521ecbe0a1477d6148c726d4f053d9c9,Tokens-to-Token ViT: Training Vision Transformers from Scratch on ImageNet,Li Yuan | Yunpeng Chen | Tao Wang | Weihao Yu | Yujun Shi | Francis E. H. Tay | Jiashi Feng | Shuicheng Yan,2021,IEEE International Conference on Computer Vision,2462,10.1109/ICCV48922.2021.00060,https://doi.org/10.1109/ICCV48922.2021.00060,https://arxiv.org/pdf/2101.11986,data\pdfs\dbe077f8521ecbe0a1477d6148c726d4f053d9c9.pdf
e775e649d815a02373eac840cf5e33a04ff85c95,CvT: Introducing Convolutions to Vision Transformers,Haiping Wu | Bin Xiao | N. Codella | Mengchen Liu | Xiyang Dai | Lu Yuan | Lei Zhang,2021,IEEE International Conference on Computer Vision,2400,10.1109/ICCV48922.2021.00009,https://doi.org/10.1109/ICCV48922.2021.00009,http://arxiv.org/pdf/2103.15808,data\pdfs\e775e649d815a02373eac840cf5e33a04ff85c95.pdf
67040b931c1a384426c44ae73f9553e97f08cf6a,PVT v2: Improved baselines with Pyramid Vision Transformer,Wenhai Wang | Enze Xie | Xiang Li | Deng-Ping Fan | Kaitao Song | Ding Liang | Tong Lu | P. Luo | Ling Shao,2021,Computational Visual Media,2371,10.1007/s41095-022-0274-8,https://doi.org/10.1007/s41095-022-0274-8,https://link.springer.com/content/pdf/10.1007/s41095-022-0274-8.pdf,data\pdfs\67040b931c1a384426c44ae73f9553e97f08cf6a.pdf
739ceacfafb1c4eaa17509351b647c773270b3ae,An Empirical Study of Training Self-Supervised Vision Transformers,Xinlei Chen | Saining Xie | Kaiming He,2021,IEEE International Conference on Computer Vision,2340,10.1109/ICCV48922.2021.00950,https://doi.org/10.1109/ICCV48922.2021.00950,https://arxiv.org/pdf/2104.02057,data\pdfs\739ceacfafb1c4eaa17509351b647c773270b3ae.pdf
5aec474c31a2f4b74703c6f786c0a8ff85c450da,VisualBERT: A Simple and Performant Baseline for Vision and Language,Liunian Harold Li | Mark Yatskar | Da Yin | Cho-Jui Hsieh | Kai-Wei Chang,2019,arXiv.org,2300,,,https://arxiv.org/pdf/1908.03557,data\pdfs\5aec474c31a2f4b74703c6f786c0a8ff85c450da.pdf
0839722fb5369c0abaff8515bfc08299efc790a1,ViLT: Vision-and-Language Transformer Without Convolution or Region Supervision,Wonjae Kim | Bokyung Son | Ildoo Kim,2021,International Conference on Machine Learning,2263,,,https://arxiv.org/pdf/2102.03334,data\pdfs\0839722fb5369c0abaff8515bfc08299efc790a1.pdf
6f6f73e69ee0d9d5d7d088bb882db1851d98175a,Pre-Trained Image Processing Transformer,Hanting Chen | Yunhe Wang | Tianyu Guo | Chang Xu | Yiping Deng | Zhenhua Liu | Siwei Ma | Chunjing Xu | Chao Xu | Wen Gao,2020,Computer Vision and Pattern Recognition,2182,10.1109/CVPR46437.2021.01212,https://doi.org/10.1109/CVPR46437.2021.01212,https://arxiv.org/pdf/2012.00364,data\pdfs\6f6f73e69ee0d9d5d7d088bb882db1851d98175a.pdf
da74a10824193be9d3889ce0d6ed4c6f8ee48b9e,"MobileViT: Light-weight, General-purpose, and Mobile-friendly Vision Transformer",Sachin Mehta | Mohammad Rastegari,2021,International Conference on Learning Representations,2169,,,https://arxiv.org/pdf/2110.02178,data\pdfs\da74a10824193be9d3889ce0d6ed4c6f8ee48b9e.pdf
fd1cf28a2b8caf2fe29af5e7fa9191cecfedf84d,RT-1: Robotics Transformer for Real-World Control at Scale,Anthony Brohan | Noah Brown | Justice Carbajal | Yevgen Chebotar | Joseph Dabis | Chelsea Finn | K. Gopalakrishnan | Karol Hausman | Alexander Herzog | Jasmine Hsu | Julian Ibarz | Brian Ichter | A. Irpan | Tomas Jackson | Sally Jesmonth | Nikhil J. Joshi | Ryan C. Julian | Dmitry Kalashnikov | Yuheng Kuang | Isabel Leal | Kuang-Huei Lee | S. Levine | Yao Lu | U. Malla | D. Manjunath | Igor Mordatch | Ofir Nachum | Carolina Parada | Jodilyn Peralta | Emily Perez | Karl Pertsch | Jornell Quiambao | Kanishka Rao | M. Ryoo | Grecia Salazar | Pannag R. Sanketi | Kevin Sayed | Jaspiar Singh | S. Sontakke | Austin Stone | Clayton Tan | Huong Tran | Vincent Vanhoucke | Steve Vega | Q. Vuong | F. Xia | Ted Xiao | Peng Xu | Sichun Xu | Tianhe Yu | Brianna Zitkovich,2022,Robotics: Science and Systems,2131,10.48550/arXiv.2212.06817,https://doi.org/10.48550/arXiv.2212.06817,https://arxiv.org/pdf/2212.06817,data\pdfs\fd1cf28a2b8caf2fe29af5e7fa9191cecfedf84d.pdf
f7410f535bda5b5a9888512fb954193245c1d0b2,Swin UNETR: Swin Transformers for Semantic Segmentation of Brain Tumors in MRI Images,Ali Hatamizadeh | V. Nath | Yucheng Tang | Dong Yang | H. Roth | Daguang Xu,2022,BrainLes@MICCAI,2117,10.1007/978-3-031-08999-2_22,https://doi.org/10.1007/978-3-031-08999-2_22,https://arxiv.org/pdf/2201.01266,data\pdfs\f7410f535bda5b5a9888512fb954193245c1d0b2.pdf
0eff37167876356da2163b2e396df2719adf7de9,CrossViT: Cross-Attention Multi-Scale Vision Transformer for Image Classification,Chun-Fu Chen | Quanfu Fan | Rameswar Panda,2021,IEEE International Conference on Computer Vision,2078,10.1109/ICCV48922.2021.00041,https://doi.org/10.1109/ICCV48922.2021.00041,https://arxiv.org/pdf/2103.14899,data\pdfs\0eff37167876356da2163b2e396df2719adf7de9.pdf
94eae578e6af3382f6449506965639f18aab3fa0,Video Swin Transformer,Ze Liu | Jia Ning | Yue Cao | Yixuan Wei | Zheng Zhang | Stephen Lin | Han Hu,2021,Computer Vision and Pattern Recognition,2049,10.1109/CVPR52688.2022.00320,https://doi.org/10.1109/CVPR52688.2022.00320,https://arxiv.org/pdf/2106.13230,data\pdfs\94eae578e6af3382f6449506965639f18aab3fa0.pdf
68f080e0ac836ea230cb5316fbed273c70422d75,Segmenter: Transformer for Semantic Segmentation,Robin Strudel | Ricardo Garcia Pinel | I. Laptev | C. Schmid,2021,IEEE International Conference on Computer Vision,1901,10.1109/ICCV48922.2021.00717,https://doi.org/10.1109/ICCV48922.2021.00717,https://arxiv.org/pdf/2105.05633,data\pdfs\68f080e0ac836ea230cb5316fbed273c70422d75.pdf
38c48a1cd296d16dc9c56717495d6e44cc354444,Vision Mamba: Efficient Visual Representation Learning with Bidirectional State Space Model,Lianghui Zhu | Bencheng Liao | Qian Zhang | Xinlong Wang | Wenyu Liu | Xinggang Wang,2024,International Conference on Machine Learning,1730,10.48550/arXiv.2401.09417,https://doi.org/10.48550/arXiv.2401.09417,https://arxiv.org/pdf/2401.09417,data\pdfs\38c48a1cd296d16dc9c56717495d6e44cc354444.pdf
a26a7a74f1e5fd562be95c3611a0680759fbdf84,CoCa: Contrastive Captioners are Image-Text Foundation Models,Jiahui Yu | Zirui Wang | Vijay Vasudevan | Legg Yeung | Mojtaba Seyedhosseini | Yonghui Wu,2022,Trans. Mach. Learn. Res.,1713,10.48550/arXiv.2205.01917,https://doi.org/10.48550/arXiv.2205.01917,https://arxiv.org/pdf/2205.01917,data\pdfs\a26a7a74f1e5fd562be95c3611a0680759fbdf84.pdf
18863dbfa32eaa1ccdb56ff180e6ab079a7f1ec6,Multiscale Vision Transformers,Haoqi Fan | Bo Xiong | K. Mangalam | Yanghao Li | Zhicheng Yan | J. Malik | Christoph Feichtenhofer,2021,IEEE International Conference on Computer Vision,1612,10.1109/ICCV48922.2021.00675,https://doi.org/10.1109/ICCV48922.2021.00675,http://arxiv.org/pdf/2104.11227,data\pdfs\18863dbfa32eaa1ccdb56ff180e6ab079a7f1ec6.pdf
9f4b69762ffb1ba42b573fd4ced996f3153e21c0,CoAtNet: Marrying Convolution and Attention for All Data Sizes,Zihang Dai | Hanxiao Liu | Quoc V. Le | Mingxing Tan,2021,Neural Information Processing Systems,1576,,,https://arxiv.org/pdf/2106.04803,data\pdfs\9f4b69762ffb1ba42b573fd4ced996f3153e21c0.pdf
14014c024674991149f3ecf9314c93f7e029ef1a,"Geometric Deep Learning: Grids, Groups, Graphs, Geodesics, and Gauges",M. Bronstein | Joan Bruna | Taco Cohen | Petar Velivckovi'c,2021,arXiv.org,1530,,,https://arxiv.org/pdf/2104.13478,data\pdfs\14014c024674991149f3ecf9314c93f7e029ef1a.pdf
7e5709d81558d3ef4265de29ea75931afeb1f2dd,Efficient Transformers: A Survey,Yi Tay | Mostafa Dehghani | Dara Bahri | Donald Metzler,2020,ACM Computing Surveys,1488,10.1145/3530811,https://doi.org/10.1145/3530811,https://arxiv.org/pdf/2009.06732,data\pdfs\7e5709d81558d3ef4265de29ea75931afeb1f2dd.pdf
d8d2e574965fe733eb1416e03df2b5c2914fc530,A Survey of Transformers,Tianyang Lin | Yuxin Wang | Xiangyang Liu | Xipeng Qiu,2021,AI Open,1476,10.1016/j.aiopen.2022.10.001,https://doi.org/10.1016/j.aiopen.2022.10.001,https://arxiv.org/pdf/2202.07730,data\pdfs\d8d2e574965fe733eb1416e03df2b5c2914fc530.pdf
ed4087f6e8d77452810979f58246c5b2ad846cf8,Transformers in Time Series: A Survey,Qingsong Wen | Tian Zhou | Chao Zhang | Weiqiu Chen | Ziqing Ma | Junchi Yan | Liang Sun,2022,International Joint Conference on Artificial Intelligence,1411,10.24963/ijcai.2023/759,https://doi.org/10.24963/ijcai.2023/759,https://www.ijcai.org/proceedings/2023/0759.pdf,data\pdfs\ed4087f6e8d77452810979f58246c5b2ad846cf8.pdf
b3bf9fe13195e9aa70e1dac04e01fcff7008e812,Perceiver: General Perception with Iterative Attention,Andrew Jaegle | Felix Gimeno | Andrew Brock | Andrew Zisserman | O. Vinyals | João Carreira,2021,International Conference on Machine Learning,1400,,,https://arxiv.org/pdf/2103.03206,data\pdfs\b3bf9fe13195e9aa70e1dac04e01fcff7008e812.pdf
2a805d0e1b067444a554c5169d189fa1f649f411,Scaling Vision Transformers,Xiaohua Zhai | Alexander Kolesnikov | N. Houlsby | Lucas Beyer,2021,Computer Vision and Pattern Recognition,1382,10.1109/CVPR52688.2022.01179,https://doi.org/10.1109/CVPR52688.2022.01179,https://arxiv.org/pdf/2106.04560,data\pdfs\2a805d0e1b067444a554c5169d189fa1f649f411.pdf
5f82a81766cb78395a55b8fc697c2421a20f4a9e,DUSt3R: Geometric 3D Vision Made Easy,Shuzhe Wang | Vincent Leroy | Yohann Cabon | Boris Chidlovskii | Jérôme Revaud,2023,Computer Vision and Pattern Recognition,1368,10.1109/CVPR52733.2024.01956,https://doi.org/10.1109/CVPR52733.2024.01956,https://arxiv.org/pdf/2312.14132,data\pdfs\5f82a81766cb78395a55b8fc697c2421a20f4a9e.pdf
367f7f64ded5d18528c1013db9dfa01b075db484,Medical Transformer: Gated Axial-Attention for Medical Image Segmentation,Jeya Maria Jose Valanarasu | Poojan Oza | I. Hacihaliloglu | Vishal M. Patel,2021,International Conference on Medical Image Computing and Computer-Assisted Intervention,1367,10.1007/978-3-030-87193-2_4,https://doi.org/10.1007/978-3-030-87193-2_4,https://arxiv.org/pdf/2102.10662,data\pdfs\367f7f64ded5d18528c1013db9dfa01b075db484.pdf
39b492db00faead70bc3f4fb4b0364d94398ffdb,Do Vision Transformers See Like Convolutional Neural Networks?,M. Raghu | Thomas Unterthiner | Simon Kornblith | Chiyuan Zhang | Alexey Dosovitskiy,2021,Neural Information Processing Systems,1343,,,https://arxiv.org/pdf/2108.08810,data\pdfs\39b492db00faead70bc3f4fb4b0364d94398ffdb.pdf
800cfb3d23115cdcd4d114234b65bbdf2080f798,CSWin Transformer: A General Vision Transformer Backbone with Cross-Shaped Windows,Xiaoyi Dong | Jianmin Bao | Dongdong Chen | Weiming Zhang | Nenghai Yu | Lu Yuan | Dong Chen | B. Guo,2021,Computer Vision and Pattern Recognition,1321,10.1109/CVPR52688.2022.01181,https://doi.org/10.1109/CVPR52688.2022.01181,https://arxiv.org/pdf/2107.00652,data\pdfs\800cfb3d23115cdcd4d114234b65bbdf2080f798.pdf
57150ca7d793d6f784cf82da1c349edf7beb6bc2,MetaFormer is Actually What You Need for Vision,Weihao Yu | Romy Mi Luo | Pan Zhou | Chenyang Si | Yichen Zhou | Xinchao Wang | Jiashi Feng | Shuicheng Yan,2021,Computer Vision and Pattern Recognition,1315,10.1109/CVPR52688.2022.01055,https://doi.org/10.1109/CVPR52688.2022.01055,http://arxiv.org/pdf/2111.11418,data\pdfs\57150ca7d793d6f784cf82da1c349edf7beb6bc2.pdf
6709d5583f658f589ae6a2184805933aceb18849,Twins: Revisiting the Design of Spatial Attention in Vision Transformers,Xiangxiang Chu | Zhi Tian | Yuqing Wang | Bo Zhang | Haibing Ren | Xiaolin Wei | Huaxia Xia | Chunhua Shen,2021,Neural Information Processing Systems,1300,,,https://arxiv.org/pdf/2104.13840,data\pdfs\6709d5583f658f589ae6a2184805933aceb18849.pdf
b364cdb02d18b9d9a3c097f5ea446f7e9ab10325,Going deeper with Image Transformers,Hugo Touvron | M. Cord | Alexandre Sablayrolles | Gabriel Synnaeve | Herv'e J'egou,2021,IEEE International Conference on Computer Vision,1279,10.1109/ICCV48922.2021.00010,https://doi.org/10.1109/ICCV48922.2021.00010,https://arxiv.org/pdf/2103.17239,data\pdfs\b364cdb02d18b9d9a3c097f5ea446f7e9ab10325.pdf
16f2d2f2b8103ed0c4a4e6f339a21247e58c5e78,Bottleneck Transformers for Visual Recognition,A. Srinivas | Tsung-Yi Lin | Niki Parmar | Jonathon Shlens | P. Abbeel | A. Vaswani,2021,Computer Vision and Pattern Recognition,1166,10.1109/CVPR46437.2021.01625,https://doi.org/10.1109/CVPR46437.2021.01625,https://arxiv.org/pdf/2101.11605,data\pdfs\16f2d2f2b8103ed0c4a4e6f339a21247e58c5e78.pdf
44e481c9645c057ea9273023aa7e23572226cee7,UNetFormer: A UNet-like transformer for efficient semantic segmentation of remote sensing urban scene imagery,Libo Wang | Rui Li | Ce Zhang | Shenghui Fang | Chenxi Duan | Xiaoliang Meng | P. Atkinson,2021,Isprs Journal of Photogrammetry and Remote Sensing,1148,10.1016/j.isprsjprs.2022.06.008,https://doi.org/10.1016/j.isprsjprs.2022.06.008,https://wrap.warwick.ac.uk/167806/3/WRAP-UNetFormer-A-UNet-like-transformer-efficient-semantic-segmentation-remote-sensing-2022.pdf,data\pdfs\44e481c9645c057ea9273023aa7e23572226cee7.pdf
7c597874535c1537d7ddff3b3723015b4dc79d30,MaskGIT: Masked Generative Image Transformer,Huiwen Chang | Han Zhang | Lu Jiang | Ce Liu | W. Freeman,2022,Computer Vision and Pattern Recognition,1130,10.1109/CVPR52688.2022.01103,https://doi.org/10.1109/CVPR52688.2022.01103,https://arxiv.org/pdf/2202.04200,data\pdfs\7c597874535c1537d7ddff3b3723015b4dc79d30.pdf
a09cbcaac305884f043810afc4fa4053099b5970,Exploring Plain Vision Transformer Backbones for Object Detection,Yanghao Li | Hanzi Mao | Ross B. Girshick | Kaiming He,2022,European Conference on Computer Vision,1127,10.48550/arXiv.2203.16527,https://doi.org/10.48550/arXiv.2203.16527,https://arxiv.org/pdf/2203.16527,data\pdfs\a09cbcaac305884f043810afc4fa4053099b5970.pdf
8f2bca9d684005675e294b33c26481e36f528cdb,"data2vec: A General Framework for Self-supervised Learning in Speech, Vision and Language",Alexei Baevski | Wei-Ning Hsu | Qiantong Xu | Arun Babu | Jiatao Gu | Michael Auli,2022,International Conference on Machine Learning,1123,,,https://arxiv.org/pdf/2202.03555,data\pdfs\8f2bca9d684005675e294b33c26481e36f528cdb.pdf
24aa57dae649b6683d8f5bc8deaf2ff549cdacc4,Transformers in Medical Imaging: A Survey,Fahad Shamshad | Salman Hameed Khan | Syed Waqas Zamir | Muhammad Haris Khan | Munawar Hayat | F. Khan | H. Fu,2022,Medical Image Anal.,1108,10.1016/j.media.2023.102802,https://doi.org/10.1016/j.media.2023.102802,https://arxiv.org/pdf/2201.09873,data\pdfs\24aa57dae649b6683d8f5bc8deaf2ff549cdacc4.pdf
63c74d15940af1af9b386b5762e4445e54c73719,VinVL: Revisiting Visual Representations in Vision-Language Models,Pengchuan Zhang | Xiujun Li | Xiaowei Hu | Jianwei Yang | Lei Zhang | Lijuan Wang | Yejin Choi | Jianfeng Gao,2021,Computer Vision and Pattern Recognition,1092,10.1109/CVPR46437.2021.00553,https://doi.org/10.1109/CVPR46437.2021.00553,https://arxiv.org/pdf/2101.00529,data\pdfs\63c74d15940af1af9b386b5762e4445e54c73719.pdf
26c80bd65baa90f5b18157de4951f4eb0b62ab69,InternImage: Exploring Large-Scale Vision Foundation Models with Deformable Convolutions,Wenhai Wang | Jifeng Dai | Zhe Chen | Zhenhang Huang | Zhiqi Li | Xizhou Zhu | Xiaowei Hu | Tong Lu | Lewei Lu | Hongsheng Li | Xiaogang Wang | Y. Qiao,2022,Computer Vision and Pattern Recognition,1077,10.1109/CVPR52729.2023.01385,https://doi.org/10.1109/CVPR52729.2023.01385,https://arxiv.org/pdf/2211.05778,data\pdfs\26c80bd65baa90f5b18157de4951f4eb0b62ab69.pdf
4356b46e5dd1a4ebd579b1cd6eb3eeedddd5a65c,VGGT: Visual Geometry Grounded Transformer,Jianyuan Wang | Minghao Chen | Nikita Karaev | Andrea Vedaldi | Christian Rupprecht | David Novotný,2025,Computer Vision and Pattern Recognition,1072,10.1109/CVPR52734.2025.00499,https://doi.org/10.1109/CVPR52734.2025.00499,https://arxiv.org/pdf/2503.11651,data\pdfs\4356b46e5dd1a4ebd579b1cd6eb3eeedddd5a65c.pdf
2fe2f849b94cf08b559226bc9d78adcaef5ef186,AdaptFormer: Adapting Vision Transformers for Scalable Visual Recognition,Shoufa Chen | Chongjian Ge | Zhan Tong | Jiangliu Wang | Yibing Song | Jue Wang | Ping Luo,2022,Neural Information Processing Systems,1069,10.48550/arXiv.2205.13535,https://doi.org/10.48550/arXiv.2205.13535,http://arxiv.org/pdf/2205.13535,data\pdfs\2fe2f849b94cf08b559226bc9d78adcaef5ef186.pdf
dbdcabd0444ad50b68ee09e30f39b66e9068f5d2,DynamicViT: Efficient Vision Transformers with Dynamic Token Sparsification,Yongming Rao | Wenliang Zhao | Benlin Liu | Jiwen Lu | Jie Zhou | Cho-Jui Hsieh,2021,Neural Information Processing Systems,1053,,,https://arxiv.org/pdf/2106.02034,data\pdfs\dbdcabd0444ad50b68ee09e30f39b66e9068f5d2.pdf
6648b4db5f12c30941ea78c695e77aded19672bb,Unified Vision-Language Pre-Training for Image Captioning and VQA,Luowei Zhou | Hamid Palangi | Lei Zhang | Houdong Hu | Jason J. Corso | Jianfeng Gao,2019,AAAI Conference on Artificial Intelligence,1047,10.1609/AAAI.V34I07.7005,https://doi.org/10.1609/AAAI.V34I07.7005,https://ojs.aaai.org/index.php/AAAI/article/download/7005/6859,data\pdfs\6648b4db5f12c30941ea78c695e77aded19672bb.pdf
610b302950a19acef1c45456111dcd495f638c18,ConViT: improving vision transformers with soft convolutional inductive biases,Stéphane d'Ascoli | Hugo Touvron | Matthew L. Leavitt | Ari S. Morcos | G. Biroli | Levent Sagun,2021,International Conference on Machine Learning,1023,10.1088/1742-5468/ac9830,https://doi.org/10.1088/1742-5468/ac9830,https://arxiv.org/pdf/2103.10697,data\pdfs\610b302950a19acef1c45456111dcd495f638c18.pdf
2bbffec6395d3a8f81f5fe9137f7e078bd0f0336,Activating More Pixels in Image Super-Resolution Transformer,Xiangyu Chen | Xintao Wang | Jiantao Zhou | Chao Dong,2022,Computer Vision and Pattern Recognition,1013,10.1109/CVPR52729.2023.02142,https://doi.org/10.1109/CVPR52729.2023.02142,https://arxiv.org/pdf/2205.04437,data\pdfs\2bbffec6395d3a8f81f5fe9137f7e078bd0f0336.pdf
2ad12a7be5eaf339a98c4defd8669e11fe726acc,MaxViT: Multi-Axis Vision Transformer,Zhengzhong Tu | Hossein Talebi | Han Zhang | Feng Yang | P. Milanfar | A. Bovik | Yinxiao Li,2022,European Conference on Computer Vision,1012,10.48550/arXiv.2204.01697,https://doi.org/10.48550/arXiv.2204.01697,http://arxiv.org/pdf/2204.01697,data\pdfs\2ad12a7be5eaf339a98c4defd8669e11fe726acc.pdf
003326a15fc4a8833785a47a741d7712474fa256,LeViT: a Vision Transformer in ConvNet’s Clothing for Faster Inference,Benjamin Graham | Alaaeldin El-Nouby | Hugo Touvron | Pierre Stock | Armand Joulin | Herv'e J'egou | Matthijs Douze,2021,IEEE International Conference on Computer Vision,1010,10.1109/ICCV48922.2021.01204,https://doi.org/10.1109/ICCV48922.2021.01204,https://arxiv.org/pdf/2104.01136,data\pdfs\003326a15fc4a8833785a47a741d7712474fa256.pdf
8690d62d4bbbd0b1ed5e1f25320d10853bfbeb01,Scaling Vision with Sparse Mixture of Experts,C. Riquelme | J. Puigcerver | Basil Mustafa | Maxim Neumann | Rodolphe Jenatton | André Susano Pinto | Daniel Keysers | N. Houlsby,2021,Neural Information Processing Systems,1005,,,https://arxiv.org/pdf/2106.05974,data\pdfs\8690d62d4bbbd0b1ed5e1f25320d10853bfbeb01.pdf
a757999ed260d7bc45484dc6b4456bf33fe6f679,LLaMA-Adapter: Efficient Fine-tuning of Language Models with Zero-init Attention,Renrui Zhang | Jiaming Han | Aojun Zhou | Xiangfei Hu | Shilin Yan | Pan Lu | Hongsheng Li | Peng Gao | Y. Qiao,2023,arXiv.org,1004,10.48550/arXiv.2303.16199,https://doi.org/10.48550/arXiv.2303.16199,http://arxiv.org/pdf/2303.16199,data\pdfs\a757999ed260d7bc45484dc6b4456bf33fe6f679.pdf
0acd7ff5817d29839b40197f7a4b600b7fba24e4,Transformer Interpretability Beyond Attention Visualization,Hila Chefer | Shir Gur | Lior Wolf,2020,Computer Vision and Pattern Recognition,990,10.1109/CVPR46437.2021.00084,https://doi.org/10.1109/CVPR46437.2021.00084,http://arxiv.org/pdf/2012.09838,data\pdfs\0acd7ff5817d29839b40197f7a4b600b7fba24e4.pdf
622428f5122ad12a40229e1768ecb929fd747ee7,Multimodal Learning With Transformers: A Survey,P. Xu | Xiatian Zhu | D. Clifton,2022,IEEE Transactions on Pattern Analysis and Machine Intelligence,986,10.1109/TPAMI.2023.3275156,https://doi.org/10.1109/TPAMI.2023.3275156,https://arxiv.org/pdf/2206.06488,data\pdfs\622428f5122ad12a40229e1768ecb929fd747ee7.pdf
ba637c4f1a170f1e2dadeadb71a63cf2b9a46de2,Visual attention network,Meng-Hao Guo | Chengrou Lu | Zheng-Ning Liu | Ming-Ming Cheng | Shiyong Hu,2022,Computational Visual Media,984,10.1007/s41095-023-0364-2,https://doi.org/10.1007/s41095-023-0364-2,https://link.springer.com/content/pdf/10.1007/s41095-023-0364-2.pdf,data\pdfs\ba637c4f1a170f1e2dadeadb71a63cf2b9a46de2.pdf
28630034bb29760df01ab033b743e30b37f336ae,PaLI: A Jointly-Scaled Multilingual Language-Image Model,Xi Chen | Xiao Wang | Soravit Changpinyo | A. Piergiovanni | Piotr Padlewski | Daniel M. Salz | Sebastian Goodman | Adam Grycner | Basil Mustafa | Lucas Beyer | Alexander Kolesnikov | J. Puigcerver | Nan Ding | Keran Rong | Hassan Akbari | Gaurav Mishra | Linting Xue | Ashish V. Thapliyal | James Bradbury | Weicheng Kuo | Mojtaba Seyedhosseini | Chao Jia | Burcu Karagol Ayan | C. Riquelme | A. Steiner | A. Angelova | Xiaohua Zhai | N. Houlsby | Radu Soricut,2022,International Conference on Learning Representations,980,10.48550/arXiv.2209.06794,https://doi.org/10.48550/arXiv.2209.06794,http://arxiv.org/pdf/2209.06794,data\pdfs\28630034bb29760df01ab033b743e30b37f336ae.pdf
2bc1c8bd00bbf7401afcb5460277840fd8bab029,Unicoder-VL: A Universal Encoder for Vision and Language by Cross-modal Pre-training,Gen Li | Nan Duan | Yuejian Fang | Daxin Jiang | Ming Zhou,2019,AAAI Conference on Artificial Intelligence,966,10.1609/AAAI.V34I07.6795,https://doi.org/10.1609/AAAI.V34I07.6795,https://ojs.aaai.org/index.php/AAAI/article/download/6795/6649,data\pdfs\2bc1c8bd00bbf7401afcb5460277840fd8bab029.pdf
37246e26163cdd0f5ddd1ea47a5a5019dead8abb,Vision Transformers for Single Image Dehazing,Yuda Song | Zhuqing He | Hui Qian | Xin Du,2022,IEEE Transactions on Image Processing,955,10.1109/TIP.2023.3256763,https://doi.org/10.1109/TIP.2023.3256763,https://arxiv.org/pdf/2204.03883,data\pdfs\37246e26163cdd0f5ddd1ea47a5a5019dead8abb.pdf
2f4d8f3c016ec53380b376ae7ac516f9c0f07a0d,BiFormer: Vision Transformer with Bi-Level Routing Attention,Lei Zhu | Xinjiang Wang | Zhanghan Ke | Wayne Zhang | Rynson W. H. Lau,2023,Computer Vision and Pattern Recognition,948,10.1109/CVPR52729.2023.00995,https://doi.org/10.1109/CVPR52729.2023.00995,https://arxiv.org/pdf/2303.08810,data\pdfs\2f4d8f3c016ec53380b376ae7ac516f9c0f07a0d.pdf
ef7d31137ef06c5be8c2824ecc5af6ce3358cc8f,Open X-Embodiment: Robotic Learning Datasets and RT-X Models : Open X-Embodiment Collaboration0,A. Padalkar | A. Pooley | Ajinkya Jain | Alex Bewley | Alex Herzog | A. Irpan | Alexander Khazatsky | Anant Rai | Anikait Singh | Anthony Brohan | A. Raffin | Ayzaan Wahid | Ben Burgess-Limerick | Beomjoon Kim | Bernhard Schölkopf | Brian Ichter | Cewu Lu | Charles Xu | Chelsea Finn | Chenfeng Xu | Cheng Chi | Chenguang Huang | Christine Chan | Chuer Pan | Chuyuan Fu | Coline Devin | Danny Driess | Deepak Pathak | Dhruv Shah | Dieter Büchler | Dmitry Kalashnikov | Dorsa Sadigh | Edward Johns | Federico Ceola | Fei Xia | F. Stulp | Gaoyue Zhou | G. Sukhatme | Gautam Salhotra | Ge Yan | Giulio Schiavi | Hao Su | Haoshu Fang | Haochen Shi | H. B. Amor | Henrik I Christensen | Hiroki Furuta | H. Walke | Hongjie Fang | Igor Mordatch | Ilija Radosavovic | Isabel Leal | Jacky Liang | Jaehyung Kim | Jan Schneider | Jasmine Hsu | Jeannette Bohg | Jeff Bingham | Jiajun Wu | Jialin Wu | Jiankai Sun | Jianlan Luo | Jiayuan Gu | Jie Tan | Jihoon Oh | Jitendra Malik | Jonathan Tompson | Jonathan Yang | Joseph J. Lim | João Silvério | Junhyek Han | Kanishka Rao | Karl Pertsch | Karol Hausman | Keegan Go | K. Gopalakrishnan | Ken Goldberg | Kendra Byrne | Kenneth Oslund | Kento Kawaharazuka | Kevin Zhang | K. Majd | Krishan Rana | K. Srinivasan | L. Chen | Lerrel Pinto | Liam Tan | Lionel Ott | Lisa Lee | Masayoshi Tomizuka | Maximilian Du | Michael Ahn | Mingtong Zhang | Mingyu Ding | M. K. Srirama | Mohit Sharma | Moo Jin Kim | Muhammad Zubair Irshad | Naoaki Kanazawa | Nicklas Hansen | N. Heess | Nikhil J. Joshi | Niko Suenderhauf | Norman Di Palo | Nur Muhammad Shafiullah | Oier Mees | Oliver Kroemer | Pannag R. Sanketi | Paul Wohlhart | Peng Xu | P. Sermanet | Priya Sundaresan | Q. Vuong | Rafael Rafailov | Ran Tian | Ria Doshi | R. Mendonca | Rutav Shah | Ryan Hoque | Ryan C. Julian | Samuel Bustamante | Sean Kirmani | Sergey Levine | Sherry Moore | Shikhar Bahl | Shivin Dass | Shuran Song | Sichun Xu | Siddhant Haldar | S. Adebola | Simon Guist | Soroush Nasiriany | S. Schaal | Stefan Welker | Stephen Tian | S. Dasari | Suneel Belkhale | Takayuki Osa | Tatsuya Harada | T. Matsushima | Ted Xiao | Tianhe Yu | Tianli Ding | Todor Davchev | Tony Zhao | Travis Armstrong | T. Darrell | Vidhi Jain | Vincent Vanhoucke | Wei Zhan | Wenxuan Zhou | Wolfram Burgard | Xi Chen | Xiaolong Wang | Xinghao Zhu | Xuanlin Li | Yao Lu | Yevgen Chebotar | Yifan Zhou | Yifeng Zhu | Ying Xu | Yixuan Wang | Yonatan Bisk | Yoonyoung Cho | Youngwoon Lee | Yuchen Cui | Yueh-Hua Wu | Yujin Tang | Yuke Zhu | Yunzhu Li | Yusuke Iwasawa | Yutaka Matsuo | Zhuo Xu | Zichen Jeff Cui,2023,IEEE International Conference on Robotics and Automation,926,10.1109/ICRA57147.2024.10611477,https://doi.org/10.1109/ICRA57147.2024.10611477,https://arxiv.org/pdf/2310.08864,data\pdfs\ef7d31137ef06c5be8c2824ecc5af6ce3358cc8f.pdf
7b664a306b7d2f68dd816ea1d6586cf3472d75c1,Early Convolutions Help Transformers See Better,Tete Xiao | Mannat Singh | Eric Mintun | Trevor Darrell | Piotr Dollár | Ross B. Girshick,2021,Neural Information Processing Systems,917,,,https://arxiv.org/pdf/2106.14881,data\pdfs\7b664a306b7d2f68dd816ea1d6586cf3472d75c1.pdf
761240b06248b9836ee564bdab61559c84b681ed,CMT: Convolutional Neural Networks Meet Vision Transformers,Jianyuan Guo | Kai Han | Han Wu | Chang Xu | Yehui Tang | Chunjing Xu | Yunhe Wang,2021,Computer Vision and Pattern Recognition,912,10.1109/CVPR52688.2022.01186,https://doi.org/10.1109/CVPR52688.2022.01186,http://arxiv.org/pdf/2107.06263,data\pdfs\761240b06248b9836ee564bdab61559c84b681ed.pdf
9137efc758f80dd22bb56f82cca5c94f78a5db3e,MViTv2: Improved Multiscale Vision Transformers for Classification and Detection,Yanghao Li | Chaoxia Wu | Haoqi Fan | K. Mangalam | Bo Xiong | J. Malik | Christoph Feichtenhofer,2021,Computer Vision and Pattern Recognition,910,10.1109/CVPR52688.2022.00476,https://doi.org/10.1109/CVPR52688.2022.00476,https://arxiv.org/pdf/2112.01526,data\pdfs\9137efc758f80dd22bb56f82cca5c94f78a5db3e.pdf
5b7f5488c380cf5085a5dd93e993ad293b225eee,One Fits All: Power General Time Series Analysis by Pretrained LM,Tian Zhou | Peisong Niu | Xue Wang | Liang Sun | Rong Jin,2023,Neural Information Processing Systems,899,10.52202/075280-1877,https://doi.org/10.52202/075280-1877,https://arxiv.org/pdf/2302.11939,data\pdfs\5b7f5488c380cf5085a5dd93e993ad293b225eee.pdf
fdcad86866ca22d8417599deb41b54fe01487ce8,ViTPose: Simple Vision Transformer Baselines for Human Pose Estimation,Yufei Xu | Jing Zhang | Qiming Zhang | Dacheng Tao,2022,Neural Information Processing Systems,896,10.48550/arXiv.2204.12484,https://doi.org/10.48550/arXiv.2204.12484,http://arxiv.org/pdf/2204.12484,data\pdfs\fdcad86866ca22d8417599deb41b54fe01487ce8.pdf
61e721334296ebfbbf6443b5ed9eb8c83b708c95,Scaling Vision Transformers to 22 Billion Parameters,Mostafa Dehghani | J. Djolonga | Basil Mustafa | Piotr Padlewski | J. Heek | J. Gilmer | A. Steiner | Mathilde Caron | Robert Geirhos | Ibrahim M. Alabdulmohsin | Rodolphe Jenatton | Lucas Beyer | Michael Tschannen | Anurag Arnab | Xiao Wang | C. Riquelme | M. Minderer | J. Puigcerver | Utku Evci | Manoj Kumar | Sjoerd van Steenkiste | Gamaleldin F. Elsayed | Aravindh Mahendran | F. Yu | Avital Oliver | Fantine Huot | Jasmijn Bastings | Mark Collier | A. Gritsenko | Vighnesh Birodkar | C. Vasconcelos | Yi Tay | Thomas Mensink | Alexander Kolesnikov | Filip Paveti'c | Dustin Tran | Thomas Kipf | Mario Luvci'c | Xiaohua Zhai | Daniel Keysers | Jeremiah Harmsen | N. Houlsby,2023,International Conference on Machine Learning,850,10.48550/arXiv.2302.05442,https://doi.org/10.48550/arXiv.2302.05442,http://arxiv.org/pdf/2302.05442,data\pdfs\61e721334296ebfbbf6443b5ed9eb8c83b708c95.pdf
e3a3e85c5a32af29e13b3561f6cf070de70651de,Pay Attention to MLPs,Hanxiao Liu | Zihang Dai | David R. So | Quoc V. Le,2021,Neural Information Processing Systems,843,,,https://arxiv.org/pdf/2105.08050,data\pdfs\e3a3e85c5a32af29e13b3561f6cf070de70651de.pdf
c431408780586268e8bcf2483b01a80728d10960,Vision Transformer Adapter for Dense Predictions,Zhe Chen | Yuchen Duan | Wenhai Wang | Junjun He | Tong Lu | Jifeng Dai | Y. Qiao,2022,International Conference on Learning Representations,840,10.48550/arXiv.2205.08534,https://doi.org/10.48550/arXiv.2205.08534,http://arxiv.org/pdf/2205.08534,data\pdfs\c431408780586268e8bcf2483b01a80728d10960.pdf
c0b454e0a6aa51ff3ba56778787d0c43932ef6ba,Yi: Open Foundation Models by 01.AI,01.AI Alex Young | Bei Chen | Chao Li | Chengen Huang | Ge Zhang | Guanwei Zhang | Heng Li | Jiangcheng Zhu | Jianqun Chen | Jingwen Chang | Kaidong Yu | Peng Liu | Qiang Liu | Shawn Yue | Senbin Yang | Shiming Yang | Tao Yu | Wen Xie | Wenhao Huang | Xiaohui Hu | Xiaoyi Ren | Xinyao Niu | Pengcheng Nie | Yuchi Xu | Yudong Liu | Yue Wang | Yuxuan Cai | Zhenyu Gu | Zhiyuan Liu | Zonghong Dai,2024,arXiv.org,832,10.48550/arXiv.2403.04652,https://doi.org/10.48550/arXiv.2403.04652,https://arxiv.org/pdf/2403.04652,data\pdfs\c0b454e0a6aa51ff3ba56778787d0c43932ef6ba.pdf
8fafd95a6ffbecf9c1b5f4542ac4b78a00602551,PixArt-α: Fast Training of Diffusion Transformer for Photorealistic Text-to-Image Synthesis,Junsong Chen | Jincheng Yu | Chongjian Ge | Lewei Yao | Enze Xie | Yue Wu | Zhongdao Wang | James T. Kwok | Ping Luo | Huchuan Lu | Zhenguo Li,2023,International Conference on Learning Representations,831,10.48550/arXiv.2310.00426,https://doi.org/10.48550/arXiv.2310.00426,https://arxiv.org/pdf/2310.00426,data\pdfs\8fafd95a6ffbecf9c1b5f4542ac4b78a00602551.pdf
ffaa66e698655d4b2dee1ab61448d5cc1a743a63,VM-UNet: Vision Mamba UNet for Medical Image Segmentation,Jiacheng Ruan | Jincheng Li | Suncheng Xiang,2024,"ACM Transactions on Multimedia Computing, Communications, and Applications (TOMCCAP)",824,10.1145/3767748,https://doi.org/10.1145/3767748,https://arxiv.org/pdf/2402.02491,data\pdfs\ffaa66e698655d4b2dee1ab61448d5cc1a743a63.pdf
cf5e6e3c50a798d87033e0e108e88b3647738bbe,"How to train your ViT? Data, Augmentation, and Regularization in Vision Transformers",A. Steiner | Alexander Kolesnikov | Xiaohua Zhai | Ross Wightman | Jakob Uszkoreit | Lucas Beyer,2021,Trans. Mach. Learn. Res.,820,,,https://arxiv.org/pdf/2106.10270,data\pdfs\cf5e6e3c50a798d87033e0e108e88b3647738bbe.pdf
076a8e778f2e9efb3c2fd45fed534ae9e6035f1b,Self-Supervised Pre-Training of Swin Transformers for 3D Medical Image Analysis,Yucheng Tang | Dong Yang | Wenqi Li | H. Roth | B. Landman | Daguang Xu | V. Nath | Ali Hatamizadeh,2021,Computer Vision and Pattern Recognition,808,10.1109/CVPR52688.2022.02007,https://doi.org/10.1109/CVPR52688.2022.02007,https://arxiv.org/pdf/2111.14791,data\pdfs\076a8e778f2e9efb3c2fd45fed534ae9e6035f1b.pdf
63812f583caac3ac32bbfb64f66ba69e57c1e90a,Conditional Positional Encodings for Vision Transformers,Xiangxiang Chu | Zhi Tian | Bo Zhang | Xinlong Wang | Chunhua Shen,2021,International Conference on Learning Representations,799,,,https://arxiv.org/pdf/2102.10882,data\pdfs\63812f583caac3ac32bbfb64f66ba69e57c1e90a.pdf
03db529f0bfae6d0b64b0feef565196327fe8d50,Intriguing Properties of Vision Transformers,Muzammal Naseer | Kanchana Ranasinghe | Salman Hameed Khan | Munawar Hayat | F. Khan | Ming-Hsuan Yang,2021,Neural Information Processing Systems,795,,,https://arxiv.org/pdf/2105.10497,data\pdfs\03db529f0bfae6d0b64b0feef565196327fe8d50.pdf
4f997c404e97087194d2df538deb82b2c5428c1e,Grounding Image Matching in 3D with MASt3R,Vincent Leroy | Yohann Cabon | Jérôme Revaud,2024,European Conference on Computer Vision,789,10.48550/arXiv.2406.09756,https://doi.org/10.48550/arXiv.2406.09756,https://arxiv.org/pdf/2406.09756,data\pdfs\4f997c404e97087194d2df538deb82b2c5428c1e.pdf
ee57e4d7a125f4ca8916284a857c3760d7d378d3,Self-Supervised Learning from Images with a Joint-Embedding Predictive Architecture,Mahmoud Assran | Quentin Duval | Ishan Misra | Piotr Bojanowski | Pascal Vincent | Michael G. Rabbat | Yann LeCun | Nicolas Ballas,2023,Computer Vision and Pattern Recognition,779,10.1109/CVPR52729.2023.01499,https://doi.org/10.1109/CVPR52729.2023.01499,http://arxiv.org/pdf/2301.08243,data\pdfs\ee57e4d7a125f4ca8916284a857c3760d7d378d3.pdf
f1902f99c53781601061d794d957f77982753352,Attention Bottlenecks for Multimodal Fusion,Arsha Nagrani | Shan Yang | Anurag Arnab | A. Jansen | C. Schmid | Chen Sun,2021,Neural Information Processing Systems,775,,,https://arxiv.org/pdf/2107.00135,data\pdfs\f1902f99c53781601061d794d957f77982753352.pdf
10bd38673951f5d7729568284093cbd80482ab16,Vision Transformers Need Registers,Timothée Darcet | Maxime Oquab | J. Mairal | Piotr Bojanowski,2023,International Conference on Learning Representations,770,10.48550/arXiv.2309.16588,https://doi.org/10.48550/arXiv.2309.16588,https://arxiv.org/pdf/2309.16588,data\pdfs\10bd38673951f5d7729568284093cbd80482ab16.pdf
e5cb26148791b57bfd36aa26ce2401e231d01b57,Vision Transformer with Deformable Attention,Zhuofan Xia | Xuran Pan | S. Song | Li Erran Li | Gao Huang,2022,Computer Vision and Pattern Recognition,769,10.1109/CVPR52688.2022.00475,https://doi.org/10.1109/CVPR52688.2022.00475,https://arxiv.org/pdf/2201.00520,data\pdfs\e5cb26148791b57bfd36aa26ce2401e231d01b57.pdf
